ğŸ§  Health Check,2025-05-10 13:47
ğŸ“ˆ Latest forecast: forecast_2025-05-09.csv (1 day(s) ago)
ğŸ§ª Accuracy log updated 0 day(s) ago.
ğŸ“Š XGB walk log: 0 day(s) old.
ğŸ“Š LGBM walk log: 0 day(s) old.
ğŸ“Š CATBOOST walk log: 0 day(s) old.
ğŸ“Š ENSEMBLE walk log: 0 day(s) old.
ğŸ–¼ Sharpe plot updated 1 day(s) ago.

ğŸ§  Health Check,2025-05-11 05:05
ğŸ“ˆ Latest forecast: forecast_2025-05-09.csv (1 day(s) ago)
ğŸ§ª Accuracy log updated 0 day(s) ago.
ğŸ“Š XGB walk log: 0 day(s) old.
ğŸ“Š LGBM walk log: 0 day(s) old.
ğŸ“Š CATBOOST walk log: 0 day(s) old.
ğŸ“Š ENSEMBLE walk log: 0 day(s) old.
ğŸ–¼ Sharpe plot updated 1 day(s) ago.

ğŸ§  Health Check,2025-05-14 07:52
ğŸ“ˆ Latest forecast: forecast_2025-05-14.csv (0 day(s) ago)
ğŸ§ª Accuracy log updated 0 day(s) ago.
ğŸ“Š XGB walk log: 3 day(s) old.
ğŸ“Š LGBM walk log: 3 day(s) old.
ğŸ“Š CATBOOST walk log: 3 day(s) old.
ğŸ“Š ENSEMBLE walk log: 3 day(s) old.
ğŸ–¼ Sharpe plot updated 4 day(s) ago.

